<?xml version="1.0" encoding="UTF-8"?>
<!DOCTYPE mapper
	 PUBLIC "-//mybatis.org//DTD Mapper 3.0//EN"
	 "http://mybatis.org/dtd/mybatis-3-mapper.dtd">    
<mapper namespace="com.kitri.project3.boardGallery.BoardGalleryDao"> 

	<resultMap id="BoardGalleryResult" type="com.kitri.project3.boardGallery.GalleryBoard">
		<result column="gallery_num" property="gallery_num" />           <!-- column컬럼이름, property멤버변수이름 -->
		<result column="id" property="id" />
		<result column="mng_group" property="mng_group" />
		<result column="title" property="title" />
		<result column="content" property="content" />
		<result column="time" property="time" />
		<result column="viewcount" property="viewcount" />
		<result column="img1" property="img1" />
		<result column="img2" property="img2" />
		<result column="img3" property="img3" />
		<result column="img4" property="img4" />
		<result column="img5" property="img5" />
		<result column="img6" property="img6" />
		<result column="img7" property="img7" />
		<result column="img8" property="img8" />
		<result column="img9" property="img9" />
		<result column="img10" property="img10" />	
	</resultMap>
	
	<select id="makeNum" resultType="int">
		select board_gallery_seq.nextval from dual	
	</select>
	
	<insert id="insert" parameterType="com.kitri.project3.boardGallery.GalleryBoard">  
		insert into board_gallery values(#{gallery_num}, #{id}, #{mng_group}, #{title}, #{content}, sysdate, 0, #{img1}, #{img2}, #{img3}, #{img4}, #{img5}, #{img6}, #{img7}, #{img8}, #{img9}, #{img10})
	</insert>
	
 	<select id="selectAll" parameterType="com.kitri.project3.paging.PagingVO2" resultMap="BoardGalleryResult">
		SELECT * 
        FROM (SELECT ROWNUM r, p.*
              FROM (SELECT *
                    FROM board_gallery
                    ORDER BY gallery_num DESC) p)
        WHERE R BETWEEN #{start} and #{last}
	</select>
	
	<!-- Total Query -->
 	<select id="selectTotalPaging" resultType="int">
		select count(*) from board_gallery
	</select>	
	
	   <select id="selectByGallery" parameterType="HashMap" resultMap="BoardGalleryResult">
      SELECT * 
        FROM (SELECT ROWNUM r, p.*
              FROM (SELECT *
                    FROM board_gallery
                    WHERE mng_group = #{mng_group}
                    ORDER BY gallery_num DESC) p)
        WHERE R BETWEEN #{paging.start} and #{paging.last}
   </select>
   
    <select id="selectTotalPagingByGallery" parameterType="String" resultType="int">
      select count(*) from board_gallery where mng_group = #{mng_group}
   </select> 
	
	
	
 	<select id="selectByNum" parameterType="int" resultMap="BoardGalleryResult">
		select * from board_gallery where gallery_num=#{gallery_num}
	</select>	
	

	 <select id="selectByTitle" parameterType="HashMap" resultMap="BoardGalleryResult">
      SELECT * 
        FROM (SELECT ROWNUM r, p.*
              FROM (SELECT *
                    FROM board_gallery
                    WHERE mng_group = #{mng_group}
                    AND title like #{search_word}
                    ORDER BY gallery_num DESC) p)
        WHERE R BETWEEN #{paging.start} and #{paging.last}
   </select>
   
   <select id="selectById" parameterType="HashMap" resultMap="BoardGalleryResult">
      SELECT * 
        FROM (SELECT ROWNUM r, p.*
              FROM (SELECT *
                    FROM board_gallery
                    WHERE mng_group = #{mng_group}
                    AND id like #{search_word}
                    ORDER BY gallery_num DESC) p)
        WHERE R BETWEEN #{paging.start} and #{paging.last}
   </select>


    <select id="selectTotalPagingByTitle" parameterType="HashMap" resultType="int">
      select count(*) from board_gallery where mng_group = #{mng_group} and title like #{search_word}
   </select>   
   
    <select id="selectTotalPagingById" parameterType="HashMap" resultType="int">
      select count(*) from board_gallery where mng_group = #{mng_group} and id like #{search_word}
   </select>      

	
	<update id="updateViewCount" parameterType="int">
		update board_gallery set viewcount=viewcount+1 where gallery_num=#{gallery_num}
	</update>

	
	<update id="update" parameterType="com.kitri.project3.boardGallery.GalleryBoard">
		update board_gallery set title=#{title}, content=#{content}, time=sysdate, img1=#{img1}, img2=#{img2},img3=#{img3},img4=#{img4},img5=#{img5},img6=#{img6},img7=#{img7},img8=#{img8},img9=#{img9},img10=#{img10} where gallery_num=#{gallery_num}
	</update>
	 
	
	<delete id="delete" parameterType="int">
		delete board_gallery where gallery_num=#{gallery_num}
	</delete>		

</mapper>