<?xml version="1.0" encoding="UTF-8"?>
<!DOCTYPE mapper
	 PUBLIC "-//mybatis.org//DTD Mapper 3.0//EN"
	 "http://mybatis.org/dtd/mybatis-3-mapper.dtd"> 
<mapper namespace="com.kitri.project3.boardReply.ReplyDao">

	<resultMap id="BoardReplyResult" type="com.kitri.project3.boardReply.Reply"> 
		<result column="board_code" property="board_code" /> 
		<result column="num" property="num" />
		<result column="reply_num" property="reply_num" />
		<result column="id" property="id" />
		<result column="time" property="time" />
		<result column="content" property="content" />
	</resultMap>
	
 	<select id="makeNum" resultType="int">
		select rep_seq.nextval from dual	
	</select>
	
	<insert id="insert" parameterType="com.kitri.project3.boardReply.Reply">  
		insert into board_reply values(#{board_code}, #{num}, #{reply_num}, #{id}, sysdate, #{content})
	</insert>
	
 	<select id="selectAll" resultMap="BoardReplyResult">
		select * from board_reply order by num
	</select>
	
	<select id="selectByNum" resultMap="BoardReplyResult">
		select * from board_reply where reply_num=#{reply_num}
	</select>	
	
	
	
	
	
	<select id="selectByBulletinNum" parameterType="int" resultMap="BoardReplyResult">
		select * from board_reply where board_code='bulletin' and num=#{num} order by reply_num
	</select>
	
	<select id="selectByGalleryNum" parameterType="int" resultMap="BoardReplyResult">
		select * from board_reply where board_code='gallery' and num=#{num} order by reply_num
	</select>	
	
	<select id="selectByNoticeNum" parameterType="int" resultMap="BoardReplyResult">
		select * from board_reply where board_code='notice' and num=#{num} order by reply_num
	</select>
	
	
	
		
	
 	<update id="update" parameterType="com.kitri.project3.boardReply.Reply">
		update board_reply set content=#{content}, time=sysdate where reply_num=#{reply_num}
	</update>
	
	<delete id="delete" parameterType="int">
		delete board_reply where reply_num=#{reply_num}
	</delete>	
	

</mapper>