<?xml version="1.0" encoding="UTF-8"?>
<!DOCTYPE mapper
	 PUBLIC "-//mybatis.org//DTD Mapper 3.0//EN"
	 "http://mybatis.org/dtd/mybatis-3-mapper.dtd">
<mapper namespace="com.kitri.project3.book.Dao">

	<resultMap id="bookResult" type="com.kitri.project3.book.Book">
		<result column="book_num" property="book_num" />
		<result column="book_title" property="book_title" />
		<result column="book_writer" property="book_writer" />
		<result column="book_publisher" property="book_publisher" />
		<result column="rest_amount" property="rest_amount" />
		<result column="book_img" property="book_img" />
	</resultMap>
	
	<resultMap id="rentResult" type="com.kitri.project3.book.Rent">
		<result column="rent_num" property="rent_num" />
		<result column="book_num" property="book_num" />
		<result column="rent_amount" property="rent_amount" />
		<result column="id" property="id" />
		<result column="s_date" property="s_date" />
		<result column="e_date" property="e_date" />
		<result column="r_date" property="r_date" />
		<result column="book_title" property="book_title" />
	</resultMap>
	
	<resultMap id="cartResult" type="com.kitri.project3.book.Cart">
		<result column="cart_num" property="cart_num" />
		<result column="id" property="id" />
		<result column="book_num" property="book_num" />
		<result column="book_title" property="book_title" />
		<result column="book_writer" property="book_writer" />
		<result column="book_publisher" property="book_publisher" />
		<result column="rest_amount" property="rest_amount" />
	</resultMap>
	
	<!-- 도서 추가 -->
	<insert id="insertBook" parameterType="com.kitri.project3.book.Book">	
		insert into book values (book_seq.nextval, #{book_title}, #{book_writer}, #{book_publisher}, #{rest_amount}, #{book_img})
	</insert>
	
	<!-- 모든 도서 목록 조회 -->
	<select id="selectAllBook" parameterType="com.kitri.project3.paging.PagingVO" resultMap="bookResult">	
		select * from (select ROWNUM r, p.* from (select * from book order by book_num DESC) p) where r between #{start} and #{last}
	</select>
	
	<!-- 모든 도서 목록 개수 구하기 -->
    <select id="selectTotalPaging" resultType="int">	
      select count(*) from book
	</select>
   
	<!-- 제목으로 검색 결과 목록 개수 구하기 -->
	<select id="selectTitleCount" parameterType="String" resultType="int">	
      select count(*) from book where book_title = #{search_word}
	</select>
   
	<!-- 저자로 검색 결과 목록 개수 구하기 -->
	<select id="selectWriterCount" parameterType="String" resultType="int">	
      select count(*) from book where book_writer = #{search_word}
	</select>

	<!-- 책번호를 조건으로 도서 조회 -->
	<select id="selectByNum" parameterType="int" resultMap="bookResult">	
		select book_num, book_title, book_writer, book_publisher, rest_amount, book_img from book where book_num = #{book_num}
	</select>
	
	<!-- 대출 테이블에 추가 -->
	<insert id="insertRent" parameterType="com.kitri.project3.book.Rent">	
		insert into rent values (rent_seq.nextval, #{book_num}, #{rent_amount}, #{id}, #{s_date}, #{e_date}, null)
	</insert>
	
	<!-- 대출했을 때 book 테이블 수량 수정 -->
	<update id="updateAmount" parameterType="com.kitri.project3.book.Rent">	
		update book set rest_amount = rest_amount - #{rent_amount} where book_num = #{book_num}
	</update>
	
	<!-- 내 대출 목록 조회 -->
	<select id="selectMyRent" parameterType="hashMap" resultMap="rentResult">	
		select * from (select ROWNUM r, p.* from (select r.rent_num, r.book_num, r.rent_amount, b.book_title, r.s_date, r.e_date, r.r_date from rent r, book b where r.id = #{id} and b.book_num = r.book_num order by r.r_date DESC) p) where r between #{paging.start} and #{paging.last}
	</select>
	
	<!-- 내 대출 목록 개수 구하기 -->
	<select id="selectMyRentCount" parameterType="String" resultType="int">	
		select count(*) from rent r where id = #{id}
	</select>
	
	<!-- 제목으로 검색 결과 조회 -->
	<select id="selectByTitle" parameterType="hashMap" resultMap="bookResult">	
		select * from (select ROWNUM r, p.* from (select * from book where book_title like #{search_word} order by book_num DESC) p) where r between #{paging.start} and #{paging.last}
	</select>
	
	<!-- 저자로 검색 결과 조회 -->
	<select id="selectByWriter" parameterType="hashMap" resultMap="bookResult">	
		select * from (select ROWNUM r, p.* from (select * from book where book_writer like #{search_word} order by book_num DESC) p) where r between #{paging.start} and #{paging.last}
	</select>
	
	<!-- 찜 목록에 추가 -->
	<insert id="insertCart" parameterType="com.kitri.project3.book.Cart">	
		insert into cart values (cart_seq.nextval, #{id}, #{book_num})
	</insert>
	
	<!-- 찜 목록 조회 -->
	<select id="selectCart" parameterType = "hashMap" resultMap="cartResult">
		select * from (select ROWNUM r, p.* from (select c.cart_num, c.book_num, b.book_title, b.book_writer, b.book_publisher, b.rest_amount from cart c, book b where c.id = #{id} and c.book_num = b.book_num) p) where r between #{paging.start} and #{paging.last}	
	</select>
	
	<!-- 찜 중복 검사  -->
	<select id="selectCheckCart" parameterType="com.kitri.project3.book.Cart" resultMap="cartResult">
		select * from cart where id = #{id} and book_num = #{book_num}
	</select>
	
	<!-- 찜 목록에서 삭제  -->
	<delete id="deleteCart" parameterType = "com.kitri.project3.book.Cart">
		delete cart where id = #{id} and book_num = #{book_num}
	</delete>
	
	<!-- 찜 목록 개수 구하기 -->
	<select id="selectCartCount" parameterType="String" resultType="int">	
		select count(*) from cart where id = #{id}
	</select>
	

	
</mapper>