<?xml version="1.0" encoding="UTF-8"?>
<!DOCTYPE mapper
	 PUBLIC "-//mybatis.org//DTD Mapper 3.0//EN"
	 "http://mybatis.org/dtd/mybatis-3-mapper.dtd">
<mapper namespace="com.kitri.project3.manager.Dao">


	<resultMap id="memberResult"
		type="com.kitri.project3.member.Member">
		<result column="mem_code" property="mem_code" />
		<result column="id" property="id" />
		<result column="pw" property="pw" />
		<result column="name" property="name" />
		<result column="postcode" property="postcode" />
		<result column="address" property="address" />
		<result column="detailAddress" property="detailAddress" />
		<result column="extraAddress" property="extraAddress" />
		<result column="phone" property="phone" />
		<result column="stu_name" property="stu_name" />
		<result column="stu_group" property="stu_group" />
		<result column="mng_group" property="mng_group" />
	</resultMap>

	<resultMap id="calendarResult"
		type="com.kitri.project3.calendar.Calendar">
		<result column="num" property="num" />
		<result column="id" property="id" />
		<result column="start_date" property="start_date" />
		<result column="end_date" property="end_date" />
		<result column="event" property="event" />
	</resultMap>

	<resultMap type="com.kitri.project3.book.Book"
		id="bookResult">
		<result property="book_num" column="book_num" />
		<result property="book_title" column="book_title" />
		<result property="book_writer" column="book_writer" />
		<result property="book_publisher" column="book_publisher" />
		<result property="rest_amount" column="rest_amount" />
		<result property="book_img" column="book_img" />
	</resultMap>


	<resultMap type="com.kitri.project3.book.Rent"
		id="rentResult">
		<result property="rent_num" column="rent_num" />
		<result property="book_num" column="book_num" />
		<result property="rent_amount" column="rent_amount" />
		<result property="id" column="id" />
		<result property="s_date" column="s_date" />
		<result property="e_date" column="e_date" />
		<result property="r_date" column="r_date" />
		<result property="book_title" column="book_title" />
	</resultMap>


	<resultMap type="com.kitri.project3.book.Cart"
		id="cartResult">
		<result property="cart_num" column="cart_num" />
		<result property="id" column="id" />
		<result property="book_num" column="book_num" />
	</resultMap>
	
	<resultMap id="payResult" type="com.kitri.project3.pay.Pay">
		<result column="id" property="id" />
		<result column="name" property="name" />
		<result column="phone" property="phone" />
		<result column="stu_name" property="stu_name" />
		<result column="time" property="time" />
	</resultMap>


	<!-- 회원관리 -->

	<select id="selectAllMember"
		parameterType="com.kitri.project3.paging.PagingVO"
		resultMap="memberResult">
		SELECT *
		FROM (SELECT ROWNUM r, p.*
		FROM (SELECT *
		FROM member
		ORDER BY id DESC) p)
		WHERE R BETWEEN #{start} and #{last}
	</select>

	<select id="selectTotalPaging" resultType="int">
		select count(*) from
		member
	</select>

	<delete id="deleteMember" parameterType="String">
		delete member where
		id=#{id}
	</delete>

	<!-- 일정관리 -->

	<select id="selectAll" parameterType="com.kitri.project3.paging.PagingVO" resultMap="calendarResult">
		SELECT *
		FROM (SELECT ROWNUM r, p.*
		FROM (SELECT *
		FROM calendar
		ORDER BY num DESC) p)
		WHERE R BETWEEN #{start} and #{last}
	</select>

	<delete id="deleteCalendar" parameterType="int">
		delete calendar where
		num=#{num}
	</delete>

	<select id="selectCal" parameterType="int"
		resultMap="calendarResult">
		select * from calendar where num=#{num}
	</select>

	<update id="updateCal"
		parameterType="com.kitri.project3.calendar.Calendar">
		update calendar set start_date=#{start_date},
		end_date=#{end_date}, event=#{event}
		where num=#{num}
	</update>

	<insert id="insertCal"
		parameterType="com.kitri.project3.calendar.Calendar">
		insert into calendar values(cal_seq.nextval, #{id},
		#{start_date}, #{end_date}, #{event})
	</insert>
	
	<!-- 도서 관리  -->
	<!-- 모든 대출 목록 조회 -->
   <select id="selectAllRent" resultMap="rentResult"
      parameterType="com.kitri.project3.paging.PagingVO"> 
      select * from (select ROWNUM r, p.* from (select r.rent_num, r.book_num, r.rent_amount, r.id, r.s_date, r.e_date, r.r_date, b.book_title from rent r, book b where r.book_num = b. book_num order by r_date DESC) p) where r between #{start} and #{last}
   </select>
	
	<!-- 대출 목록에서 삭제 -->
   <delete id="deleteRent" parameterType="int">
      delete rent where rent_num = #{rent_num}
   </delete>
   
   <!-- 도서 목록에서 삭제 -->
   <delete id="deleteBook" parameterType="int">
      delete book where book_num = #{book_num}
   </delete>
   
   <delete id="deleteRentList" parameterType="int">
      delete rent where book_num = #{book_num}
   </delete>
   
   <delete id="deleteCartList" parameterType="int">
      delete cart where book_num = #{book_num}
   </delete>





   <!-- 대출 목록 개수 구하기 -->

<!--    <select id="selectRentCount" resultType="int"> 
      select count(*) from rent 
   </select> -->


   <!-- 대출 중 현재반납되지않은 책 개수 구하기 -->
   <select id="selectRentingCount"  resultType="int">   
      select count(*) from rent where r_date is null
   </select>
   
   <!--  현재반납되지 대출 목록  구하기 -->
   <select id="selectRentingList"  resultMap="rentResult">   
      select * from rent where r_date is null
   </select>
   
   <!-- 총대출 개수 구하기 -->
   <select id="selectRentCount"  resultType="int">   
      select SUM(rent_amount) from rent
   </select>
   
      <!-- 전체 대출 목록 조회 -->
   <select id="selectRentList"  resultMap="rentResult">   
      select * from (select ROWNUM r, p.* from (select r.rent_num, r.book_num, r.rent_amount, b.book_title, r.s_date, r.e_date, r.r_date from rent r, book b where  b.book_num = r.book_num order by r.r_date DESC) p)
   </select>
   
      <!-- 전체 연체 개수 구하기 -->
     <select id="selectDelayCount"  resultType="int">   
      select count(*) from rent where e_date <![CDATA[ < ]]> sysdate
   </select>





	<!-- 대출 번호를 조건으로 조회 -->


	<select id="selectCheckRent" resultMap="rentResult"> 
		select * from rent where rent_num = #{rent_num} 
	</select>

	<!-- 반납했을 때 반납일 수정 -->


	<update id="updateRdate" parameterType="int"> 
		update rent set r_date = sysdate where rent_num = #{rent_num} 
	</update>

	<!-- 반납했을 때 book 테이블 수량 수정 -->


	<update id="updateAmount" parameterType="com.kitri.project3.book.Rent"> 
		update book set rest_amount = rest_amount + (select rent_amount from rent where rent_num = #{rent_num}) where book_num = #{book_num} 
	</update>
	
	
	<!-- 회원 통계 관리 -->
	<select id="selectParentStat" resultType="int"> 
		select count(*) from member where mem_code=2
	</select>
	<select id="selectTeacherStat" resultType="int"> 
		select count(*) from member where mem_code=1
	</select>
	<select id="selectVisitorStat" resultType="int"> 
		select count(*) from member where mem_code=3
	</select>
	<select id="selectTotalMemStat" resultType="int"> 
		select count(*) from member
	</select>
	
		<!-- 원생 결제 통계 관리 -->
	<select id="selectSCount" resultType="int">
		select count(*) from member m, pay p where m.id = p.id and substr(time, 0, 5) like substr(sysdate, 0, 5)
	</select>

	<select id="selectParentAll" resultMap="memberResult">
		select * from member where mem_code=2
	</select>


</mapper>

