<?xml version="1.0" encoding="UTF-8"?>
<!DOCTYPE mapper
	 PUBLIC "-//mybatis.org//DTD Mapper 3.0//EN"
	 "http://mybatis.org/dtd/mybatis-3-mapper.dtd">
<mapper namespace="com.kitri.project3.poll.pollDao">

	<resultMap id="pollResult" type="com.kitri.project3.poll.Poll">
		<result column="poll_num" property="poll_num"/>
		<result column="poll_subject" property="poll_subject" />
		<result column="start_date" property="start_date" />
		<result column="end_date" property="end_date" />	
		<result column="voter" property="voter"/>		
	</resultMap>
	<resultMap id="pcResult" type="com.kitri.project3.poll.Poll_Can">
		<result column="poll_candidate_num" property="poll_candidate_num"/>
		<result column="poll_candidate" property="poll_candidate" />
		<result column="poll_num" property="poll_num" />
		<result column="vote_num" property="vote_num" />	
	</resultMap>
	<resultMap id="pollCheckResult" type="com.kitri.project3.poll.pollCheck">
		<result column="id" property="id"></result>
		<result column="poll_num" property="poll_num"></result>
	</resultMap>
	<resultMap type="com.kitri.project3.poll.PagingVO" id="pageResult">
		<result column="pageCnt" property="pageCnt"/>
		<result column="index" property="index" />
		<result column="pageStartNum" property="pageStartNum" />
		<result column="listCnt" property="listCnt" />	
		<result column="total" property="total"/>
	</resultMap>
	
	<insert id="insertPoll" parameterType="com.kitri.project3.poll.Poll">
		insert into poll values(poll_seq.nextval, #{poll_subject}, 0, #{start_date}, #{end_date})
	</insert>
	<insert id="insertPollCan" parameterType="com.kitri.project3.poll.Poll_Can">
		insert into poll_candidate values(poll_candidate_seq.nextval, #{poll_candidate}, (select max(poll_num) from poll), 0)
	</insert>
	<update id="updatePollVoter" parameterType="int">
		update poll set voter=voter+1 where poll_num=#{poll_num}
	</update>
	<update id="updatePollCanVote" parameterType="int">
		update poll_candidate set vote_num=vote_num+1 where poll_candidate_num=#{poll_candidate_num}
	</update>
	<select id="selectvote" parameterType="int" resultMap="pcResult">
		select * from poll_candidate where poll_candidate_num=#{poll_candidate_num}
	</select>
	<select id="selectPoll" parameterType="int" resultMap="pollResult">
		select * from poll where poll_num=#{poll_num}
	</select>
	<select id="selectPollCan" parameterType="int" resultMap="pcResult">
		select * from poll_candidate where poll_num=#{poll_num}
	</select>
	 <select id="selectAllPoll" parameterType="com.kitri.project3.msg.PagingVO" resultMap="pollResult">   
      select * from (select ROWNUM r, p.* from (select * from poll order by poll_num DESC) p) where r between #{start} and #{last}
   </select>
    <select id="selectTotalPaging" resultType="int">   
      select count(*) from poll
   </select>
   	<select id="selectMainPoll" resultMap="pollResult">
		<![CDATA[ 
		SELECT * FROM (SELECT * FROM poll ORDER BY poll_num DESC) WHERE rownum < 6
		]]> 
	</select>
   
	<select id="idcheck" resultMap="pollCheckResult">
		select * from pcheck where id=#{id} and poll_num=#{poll_num}
	</select>
	<insert id="insertpcheck" parameterType="com.kitri.project3.poll.pollCheck">
		insert into pcheck values(#{id}, #{poll_num})
	</insert>
	<delete id="deletePoll" parameterType="int">
		delete poll where poll_num=#{poll_num}
	</delete>
	
	<!-- 
	<delete id="deleteMessage" parameterType="int">
		delete message where message_num=#{message_num}
	</delete> -->

</mapper>

